{"cameraMode":{"drawMode":0,"name":"Shaded","section":"Shading Mode"},"sceneLighting":true,"audioPlay":false,"sceneViewState":{"showFog":false,"showMaterialUpdate":true,"showSkybox":false,"showFlares":false,"showImageEffects":false,"showParticleSystems":false},"in2DMode":false,"pivot":{"x":-15.206123352050782,"y":-4.407180309295654,"z":13.688993453979493},"rotation":{"x":-0.1282493621110916,"y":0.4961845874786377,"z":-0.07438697665929795,"w":-0.8554646968841553},"size":29.248613357543947,"orthographic":false}